Season,Team,wRC+,PA,HR,R,RBI,SB,BB%,K%,ISO,BABIP,AVG,OBP,SLG,wOBA,BsR,Off,Def,WAR,bRank
2019,Astros,125,6394,288,920,891,67,10.10%,18.20%,0.221,0.296,0.274,0.352,0.495,0.355,-9.5,196.6,-2.5,40.8,1
2016,Cubs,106,6335,199,808,767,66,10.40%,21.10%,0.173,0.302,0.256,0.343,0.429,0.333,17.3,61.3,104.8,37.1,2
2011,Yankees,113,6306,222,867,836,147,9.90%,18.00%,0.181,0.292,0.263,0.343,0.444,0.345,6.6,101.6,39.7,37,3
2015,Blue Jays,117,6231,232,891,852,88,9.10%,18.50%,0.188,0.298,0.269,0.34,0.457,0.344,11,135.9,6.6,36.7,4
2011,Red Sox,117,6414,203,875,842,102,9.00%,17.30%,0.181,0.314,0.28,0.349,0.461,0.352,-12.2,114.3,16.2,36.3,5
2013,Red Sox,114,6382,178,853,819,123,9.10%,20.50%,0.169,0.329,0.277,0.349,0.446,0.347,13.3,116.7,11.9,36.2,6
2010,Reds,106,6285,188,790,761,93,8.30%,19.40%,0.164,0.314,0.272,0.338,0.436,0.34,12.7,57.2,96.8,35.7,7
2016,Red Sox,113,6320,208,878,836,83,8.80%,18.40%,0.179,0.32,0.282,0.348,0.461,0.346,10.6,109.9,15.9,35.2,8
2009,Rays,109,6223,199,803,765,194,10.30%,19.70%,0.177,0.303,0.263,0.343,0.439,0.342,21.6,90.5,41.8,35.1,9
2007,Phillies,105,6537,213,892,850,138,9.80%,18.40%,0.184,0.311,0.274,0.354,0.458,0.351,20.6,63.6,78.5,34.9,10
2019,Dodgers,111,6281,279,886,861,57,9.70%,21.60%,0.215,0.291,0.257,0.338,0.472,0.338,11.9,103,51.7,34.8,11
2018,Dodgers,111,6358,235,804,756,75,10.20%,22.60%,0.191,0.294,0.25,0.333,0.442,0.333,11.4,99.1,38.3,34.8,12
2008,Cardinals,107,6370,174,779,744,73,9.10%,15.50%,0.152,0.312,0.281,0.35,0.433,0.342,-10,46.4,90.6,34,13
2011,Rangers,112,6261,210,855,807,143,7.60%,14.90%,0.177,0.304,0.283,0.34,0.46,0.347,20.6,107.4,5.3,33.9,14
2007,Yankees,119,6528,201,968,929,123,9.80%,15.20%,0.174,0.318,0.29,0.366,0.463,0.361,11.9,168.4,-47.2,33.9,15
2009,Yankees,117,6449,244,915,881,111,10.30%,15.70%,0.194,0.306,0.283,0.362,0.478,0.365,0.2,137.5,-25.5,33.8,16
2012,Angels,113,6121,187,767,732,134,7.30%,18.20%,0.159,0.311,0.274,0.332,0.433,0.331,13.5,109.8,5.9,33.8,17
2017,Astros,121,6271,238,896,854,98,8.10%,17.30%,0.196,0.309,0.282,0.346,0.478,0.349,-0.4,162.6,-37.9,33.7,18
2012,Yankees,113,6231,245,804,774,93,9.10%,18.90%,0.188,0.293,0.265,0.337,0.453,0.342,2.3,97.3,12.1,33.6,19
2017,Dodgers,104,6191,221,770,730,77,10.50%,22.30%,0.188,0.293,0.249,0.334,0.437,0.33,5.8,40.7,90.2,33.3,20
2008,Red Sox,110,6402,173,845,807,120,10.10%,16.70%,0.168,0.315,0.28,0.358,0.447,0.351,-4.7,72.2,35.4,32.9,21
2008,Phillies,98,6273,214,799,762,136,9.30%,17.80%,0.182,0.283,0.255,0.332,0.438,0.334,23.6,4.7,123.4,32.8,22
2019,Yankees,117,6245,306,943,904,55,9.10%,23.00%,0.222,0.306,0.267,0.339,0.49,0.346,-0.8,130.8,-14.5,32.7,23
2018,Red Sox,110,6302,208,876,829,125,9.00%,19.90%,0.185,0.309,0.268,0.339,0.453,0.34,-5.1,73.1,30.9,32.1,24
2009,Phillies,103,6338,224,820,788,119,9.30%,18.20%,0.189,0.286,0.258,0.334,0.447,0.339,20,42.5,78.4,32,25
2014,Dodgers,112,6231,134,718,686,138,8.30%,20.00%,0.14,0.318,0.265,0.333,0.406,0.327,-0.4,81.4,20.3,31.8,26
2018,Yankees,112,6271,267,851,821,63,10.00%,22.70%,0.202,0.285,0.249,0.329,0.451,0.335,14.6,105,-4.6,31.7,27
2018,Athletics,111,6255,227,813,778,35,8.80%,22.10%,0.187,0.294,0.252,0.325,0.439,0.329,-5.8,77.8,23,31.7,28
2014,Pirates,108,6224,156,682,659,104,8.40%,20.00%,0.145,0.307,0.259,0.33,0.404,0.325,3.8,61.6,36.7,31.4,29
2010,Yankees,112,6379,201,859,823,103,10.40%,17.80%,0.169,0.3,0.267,0.35,0.436,0.346,12.1,101.5,-24.8,31.2,30
2019,Twins,116,6392,307,939,906,28,8.20%,20.90%,0.224,0.3,0.27,0.338,0.494,0.347,-8.4,120.2,-26.7,31,31
2005,Indians,110,6255,207,790,760,62,8.00%,17.50%,0.181,0.302,0.271,0.334,0.453,0.34,3.6,76.4,20.2,30.9,32
2007,Tigers,108,6364,177,887,857,103,7.40%,16.60%,0.171,0.323,0.287,0.345,0.458,0.347,8,75.1,19.4,30.7,33
2010,Rays,106,6270,160,802,769,172,10.70%,20.60%,0.156,0.293,0.247,0.333,0.403,0.326,37.6,78.6,-3.2,30.7,34
2011,Brewers,103,6113,185,721,693,94,7.90%,17.70%,0.164,0.293,0.261,0.325,0.425,0.327,0.3,20.6,82,30.5,35
2011,Diamondbacks,97,6096,172,731,702,133,8.70%,20.50%,0.163,0.294,0.25,0.322,0.413,0.322,9,-14.8,117.8,30.5,36
2014,Angels,110,6284,155,773,729,81,7.80%,20.10%,0.147,0.305,0.259,0.322,0.406,0.321,1.3,67.3,11.5,30.4,37
2008,Cubs,104,6384,184,855,811,87,10.00%,18.60%,0.165,0.321,0.278,0.354,0.443,0.349,6.1,33.2,64.1,30.1,38
2010,Brewers,104,6304,182,750,710,81,8.70%,19.30%,0.161,0.304,0.262,0.335,0.424,0.334,0.6,32.4,66.3,30,39
2007,Red Sox,109,6426,166,867,829,96,10.70%,16.20%,0.165,0.315,0.279,0.362,0.444,0.352,-5,70.7,11.8,29.7,40
2005,Braves,100,6186,184,769,733,92,8.60%,17.50%,0.17,0.298,0.265,0.333,0.435,0.331,-1.7,-3.1,96.7,29.6,41
2011,Cardinals,112,6242,162,762,726,57,8.70%,15.70%,0.151,0.305,0.273,0.341,0.425,0.334,-16.5,72.3,17.7,29.6,42
2015,Giants,104,6153,136,696,663,93,7.40%,18.80%,0.139,0.313,0.267,0.326,0.406,0.318,-0.4,25.6,62,29.5,43
2011,Reds,99,6329,183,735,697,97,8.50%,19.80%,0.152,0.297,0.256,0.326,0.408,0.322,8.7,3.6,81.9,29.4,44
2005,Phillies,98,6345,167,807,760,116,10.10%,17.10%,0.154,0.306,0.27,0.348,0.423,0.335,9.2,-2.9,88.2,29.3,45
2008,Rays,105,6312,180,774,735,142,9.90%,19.40%,0.162,0.302,0.26,0.34,0.422,0.335,5.6,43.8,30.3,29.2,46
2017,Yankees,109,6354,241,858,821,90,9.70%,21.80%,0.185,0.304,0.262,0.339,0.447,0.336,11.1,82.3,-6.5,29.2,47
2009,Angels,108,6305,173,883,841,148,8.70%,16.70%,0.156,0.322,0.285,0.35,0.441,0.346,8.6,75.5,-5.4,29.1,48
2015,Dodgers,106,6090,187,667,638,59,9.20%,20.70%,0.163,0.292,0.25,0.326,0.413,0.322,-15.3,28.2,57.3,29,49
2012,Giants,101,6200,103,718,675,118,7.80%,17.70%,0.128,0.315,0.269,0.327,0.397,0.314,13,22.4,66.7,29,50
2008,Mets,100,6388,172,799,751,138,9.70%,16.00%,0.154,0.296,0.266,0.34,0.42,0.332,12.7,13.4,72,28.9,51
2019,Athletics,107,6269,257,845,800,49,9.20%,21.30%,0.199,0.282,0.249,0.327,0.448,0.327,-1.7,53.4,18.3,28.5,52
2012,Cardinals,106,6326,159,765,732,91,8.40%,18.80%,0.15,0.316,0.271,0.338,0.421,0.329,-1.6,46.5,33.9,28.5,53
2012,Brewers,102,6224,202,776,741,158,7.50%,19.90%,0.177,0.299,0.259,0.325,0.437,0.329,12.1,29.5,52.2,28.3,54
2013,Rays,107,6242,165,700,670,73,9.40%,18.80%,0.151,0.295,0.257,0.329,0.408,0.324,2.5,50.1,9.2,28.2,55
2006,Mets,99,6291,200,834,800,146,8.70%,17.00%,0.181,0.293,0.264,0.334,0.445,0.334,20.5,13.8,66.4,28.1,56
2018,Indians,104,6300,216,818,786,135,8.80%,18.90%,0.176,0.291,0.259,0.332,0.434,0.33,13.7,45.6,16.8,27.9,57
2017,Marlins,101,6248,194,778,743,91,7.80%,20.50%,0.163,0.313,0.267,0.331,0.431,0.325,1.4,9,65.7,27.9,58
2010,Twins,106,6257,142,781,749,68,8.90%,15.50%,0.148,0.306,0.273,0.341,0.422,0.335,-15.8,29.5,17.9,27.8,59
2007,Mets,100,6344,177,804,761,200,8.70%,15.50%,0.157,0.303,0.275,0.342,0.432,0.336,14.2,17.4,57.5,27.7,60
2011,Rays,103,6152,172,707,674,155,9.30%,19.40%,0.159,0.281,0.244,0.322,0.402,0.319,10.4,35.1,23.1,27.7,61
2013,Tigers,114,6388,176,796,767,35,8.30%,16.80%,0.151,0.32,0.283,0.346,0.434,0.341,-19,83.7,-35.3,27.6,62
2005,Red Sox,112,6403,199,910,863,45,10.20%,16.30%,0.174,0.31,0.281,0.357,0.454,0.352,-2.9,92.8,-33.9,27.6,63
2019,Red Sox,106,6475,245,901,857,68,9.10%,21.30%,0.197,0.313,0.269,0.34,0.466,0.338,-7,43.2,10.9,27.5,64
2018,Brewers,99,6210,218,754,711,124,8.60%,23.50%,0.172,0.302,0.252,0.323,0.424,0.322,8.2,3,68.3,27.5,65
2009,Dodgers,102,6385,145,780,739,116,9.50%,16.70%,0.141,0.309,0.27,0.346,0.412,0.332,4,18.7,55.5,27.4,66
2014,Orioles,104,6130,211,705,681,44,6.50%,21.00%,0.166,0.296,0.256,0.311,0.422,0.323,-6.2,21.9,34.4,27.4,67
2012,Braves,92,6126,149,700,660,101,9.30%,21.00%,0.142,0.296,0.247,0.32,0.389,0.31,7.2,-48.9,123.8,27.3,68
2007,Braves,99,6374,176,810,781,64,8.40%,18.00%,0.16,0.314,0.275,0.339,0.435,0.337,-6.2,-12.5,80.5,27.2,69
2005,Cardinals,100,6246,170,805,757,83,8.50%,15.20%,0.153,0.297,0.27,0.339,0.423,0.331,9,12.4,54.7,27.1,70
2013,Giants,100,6168,107,629,596,67,7.60%,17.50%,0.121,0.304,0.26,0.32,0.381,0.309,-4.1,-1.7,66.3,26.9,71
2019,Braves,102,6302,249,855,824,89,9.80%,23.30%,0.195,0.305,0.258,0.336,0.452,0.332,11,26.5,46.2,26.9,72
2017,Cubs,101,6283,223,822,785,62,9.90%,22.30%,0.182,0.302,0.255,0.338,0.437,0.331,-6.8,4.8,57.6,26.7,73
2017,Indians,105,6234,212,818,780,88,9.70%,18.50%,0.186,0.295,0.263,0.339,0.449,0.336,11.1,48.8,6.8,26.7,74
2017,Cardinals,101,6219,196,761,728,81,9.50%,21.70%,0.17,0.304,0.256,0.334,0.426,0.326,2,8.4,51.4,26.3,75
2014,Nationals,99,6216,152,686,635,101,8.30%,21.00%,0.14,0.303,0.253,0.321,0.393,0.317,15.3,8.4,42.4,26.2,76
2006,Padres,99,6287,161,731,698,123,9.00%,17.60%,0.154,0.299,0.263,0.332,0.416,0.325,5.2,-5,65.1,26.1,77
2013,Cardinals,104,6202,125,783,745,45,7.80%,17.90%,0.133,0.314,0.269,0.332,0.401,0.322,-9.1,21,35,26.1,78
2015,Astros,108,6073,230,729,691,121,8.00%,22.90%,0.187,0.292,0.25,0.315,0.437,0.325,8.1,66.8,-19.6,26.1,79
2018,Braves,97,6251,175,759,717,90,8.20%,20.60%,0.161,0.302,0.257,0.324,0.417,0.319,12.6,-10.8,66.8,26,80
2019,Nationals,103,6267,231,873,824,116,9.30%,20.90%,0.19,0.306,0.265,0.342,0.454,0.336,3.7,29,35.8,26,81
2017,Twins,103,6261,206,815,781,95,9.50%,21.40%,0.174,0.306,0.26,0.334,0.434,0.329,14.4,39.7,7.2,26,82
2018,Astros,109,6146,205,797,763,71,9.20%,19.50%,0.17,0.289,0.255,0.329,0.425,0.327,-7,60.1,-11.5,25.9,83
2016,Giants,96,6271,130,715,675,79,9.10%,17.70%,0.14,0.299,0.258,0.329,0.398,0.315,-2.8,-34.8,92.8,25.9,84
2006,Phillies,100,6509,216,865,823,92,9.60%,18.50%,0.18,0.302,0.267,0.347,0.447,0.341,18.5,15.5,34.6,25.9,85
2010,Giants,98,6143,162,697,660,55,7.90%,17.90%,0.151,0.293,0.257,0.321,0.408,0.32,-18.3,-31.6,95.2,25.8,86
2018,Cardinals,99,6200,205,759,725,63,8.50%,22.30%,0.16,0.294,0.249,0.321,0.409,0.316,12.9,8.3,47.1,25.8,87
2013,Orioles,101,6144,212,745,719,79,6.80%,18.30%,0.171,0.288,0.26,0.313,0.431,0.323,13.8,16.4,22.7,25.7,88
2013,Braves,102,6133,181,688,656,64,8.80%,22.60%,0.153,0.3,0.249,0.321,0.402,0.318,-5.7,3.8,50.1,25.6,89
2016,Dodgers,97,6164,189,725,680,45,8.50%,21.40%,0.16,0.294,0.249,0.319,0.409,0.314,2,-20.2,77.9,25.5,90
2013,Dodgers,103,6145,138,649,618,78,7.70%,18.60%,0.133,0.308,0.264,0.326,0.396,0.317,-8,14.7,37.2,25.5,91
2006,Blue Jays,107,6241,199,809,778,65,8.20%,14.50%,0.179,0.306,0.284,0.348,0.463,0.349,-15,43.6,3.4,25.4,92
2015,Cubs,96,6200,171,689,657,95,9.10%,24.50%,0.154,0.305,0.244,0.321,0.398,0.313,15.1,-15.8,63.6,25.4,93
2014,Giants,99,6087,132,665,636,56,7.00%,20.50%,0.133,0.304,0.255,0.311,0.388,0.308,0.5,-5.1,52.8,25.4,94
2013,Athletics,108,6209,186,767,725,74,9.20%,19.00%,0.165,0.289,0.254,0.327,0.419,0.327,10,66.2,-32.4,25.4,95
2007,Brewers,100,6238,231,801,774,96,8.00%,18.20%,0.194,0.289,0.262,0.329,0.456,0.337,7.4,7.7,44.1,25.1,96
2016,Blue Jays,104,6233,221,759,728,54,10.10%,21.90%,0.178,0.289,0.248,0.33,0.426,0.327,-9,21.9,8.8,25.1,97
2018,Cubs,100,6369,167,761,722,66,9.00%,21.80%,0.152,0.313,0.258,0.333,0.41,0.321,2.2,-0.9,44,25.1,98
2010,Cardinals,99,6241,150,736,689,79,8.70%,16.50%,0.139,0.296,0.263,0.332,0.402,0.322,1.8,-6.8,59.6,25,99
2010,Red Sox,109,6356,211,818,782,68,9.20%,17.90%,0.183,0.299,0.268,0.339,0.451,0.345,-7.2,59.7,-43.4,24.9,100
2019,Cubs,102,6195,256,814,783,45,9.40%,23.60%,0.2,0.297,0.252,0.331,0.452,0.33,-2.2,10.4,45,24.9,101
2016,Indians,100,6155,185,777,733,134,8.60%,20.20%,0.168,0.304,0.262,0.329,0.43,0.326,15.8,14.1,16.8,24.9,102
2014,Tigers,112,6202,155,757,731,106,7.10%,18.40%,0.15,0.319,0.277,0.331,0.426,0.331,-7.3,73,-41.9,24.8,103
2009,Brewers,103,6296,182,785,757,68,9.70%,19.60%,0.164,0.305,0.263,0.341,0.426,0.336,-9.6,10.2,38.9,24.6,104
2008,Brewers,97,6252,198,750,722,108,8.80%,19.20%,0.179,0.287,0.253,0.325,0.431,0.329,8.9,-11.7,58.7,24.6,105
2015,Mets,98,6145,177,683,654,51,7.90%,21.00%,0.156,0.287,0.244,0.312,0.4,0.309,6.2,-6.8,48.7,24.6,106
2008,Braves,99,6368,130,753,721,58,9.70%,16.10%,0.138,0.309,0.27,0.345,0.408,0.332,-5.8,-12.5,54.2,24.5,107
2018,Angels,100,6108,214,721,690,89,8.40%,21.30%,0.171,0.277,0.242,0.313,0.413,0.313,2.8,-1.1,36.7,24.4,108
2017,Nationals,99,6214,215,819,796,108,8.70%,21.40%,0.183,0.311,0.266,0.332,0.449,0.331,11.9,2.4,38.7,24.4,109
2009,Red Sox,106,6344,212,872,822,126,10.40%,17.70%,0.184,0.301,0.27,0.352,0.454,0.351,-7.7,40.7,-19.8,24.4,110
2006,Yankees,113,6455,210,930,902,139,10.10%,16.30%,0.177,0.315,0.285,0.363,0.461,0.356,7.4,118.9,-91.9,24.2,111
2019,Brewers,97,6309,250,769,744,101,10.00%,24.80%,0.192,0.296,0.246,0.329,0.438,0.324,5.9,-20.1,64.6,24.2,112
2009,Cardinals,98,6168,160,730,694,75,8.60%,16.90%,0.152,0.296,0.263,0.332,0.415,0.325,13.4,-1.6,50,24.2,113
2015,Pirates,97,6285,140,697,661,98,7.30%,21.00%,0.136,0.314,0.26,0.323,0.396,0.313,3.5,-17.4,49.6,24,114
2008,Indians,103,6299,171,805,772,77,8.90%,19.30%,0.162,0.305,0.262,0.339,0.424,0.334,0.7,24.6,-2.8,24,115
2012,Reds,93,6115,172,669,636,87,7.90%,20.70%,0.159,0.296,0.251,0.315,0.411,0.314,13.5,-36,78.9,23.9,116
2018,Nationals,100,6288,191,771,737,119,10.00%,20.50%,0.164,0.297,0.254,0.335,0.419,0.325,8.4,11.5,22.2,23.8,117
2011,Angels,98,6088,155,667,629,135,7.30%,17.80%,0.149,0.288,0.253,0.313,0.402,0.313,-3.8,-14.6,38,23.8,118
2010,Blue Jays,105,6072,257,755,732,58,7.80%,19.20%,0.206,0.269,0.248,0.312,0.454,0.334,-12.3,25.1,-9.9,23.7,119
2012,Rays,100,6105,175,697,665,134,9.40%,21.70%,0.155,0.284,0.24,0.317,0.394,0.311,-0.7,-1,20.8,23.7,120
2012,Nationals,101,6221,194,731,688,105,7.70%,21.30%,0.166,0.308,0.261,0.322,0.428,0.324,-4.1,4.7,33,23.7,121
2006,Braves,100,6284,222,849,818,52,8.40%,18.60%,0.184,0.304,0.27,0.337,0.455,0.339,-13.4,-13.1,48.1,23.7,122
2016,Astros,101,6204,198,724,689,102,8.90%,23.40%,0.17,0.298,0.247,0.319,0.417,0.317,-5.4,2.8,14.6,23.7,123
2010,Braves,100,6252,139,738,699,63,10.10%,18.20%,0.143,0.301,0.258,0.339,0.401,0.327,-2.1,-2.9,41.9,23.6,124
2010,Padres,92,6148,132,665,630,124,8.80%,19.20%,0.125,0.29,0.246,0.317,0.371,0.304,9.3,-50.2,91.9,23.6,125
2015,Cardinals,97,6139,137,647,619,69,8.20%,20.60%,0.142,0.303,0.253,0.321,0.394,0.311,0.9,-21.2,53.8,23.6,126
2010,Tigers,102,6312,152,751,717,69,8.70%,18.20%,0.147,0.311,0.268,0.335,0.415,0.33,9.7,23.9,-18.7,23.6,127
2008,Rangers,112,6478,194,901,867,81,9.20%,18.60%,0.179,0.325,0.283,0.354,0.462,0.355,11.1,108.1,-97.3,23.5,128
2019,Mets,104,6290,242,791,767,56,8.20%,22.00%,0.185,0.299,0.257,0.328,0.442,0.325,-17,16.4,21.3,23.5,129
2019,Diamondbacks,94,6315,220,813,778,88,8.60%,21.50%,0.182,0.293,0.252,0.323,0.434,0.319,18.3,-32,68.5,23.4,130
2016,Mets,99,6115,218,671,649,42,8.50%,21.30%,0.171,0.282,0.246,0.316,0.417,0.315,-8.6,-17.7,55.9,23.4,131
2018,Rays,106,6195,150,716,664,128,8.70%,22.40%,0.148,0.317,0.258,0.333,0.406,0.322,-0.3,45.9,-23.7,23.4,132
2012,Rangers,106,6216,200,808,780,91,7.70%,17.70%,0.173,0.306,0.273,0.334,0.446,0.336,-5.8,39.5,-27.3,23.3,133
2008,Astros,94,6051,167,712,684,114,7.40%,17.40%,0.152,0.296,0.263,0.323,0.415,0.322,0.4,-49.2,89.2,23.3,134
2006,Cardinals,98,6225,184,781,745,59,8.50%,14.80%,0.163,0.292,0.269,0.337,0.431,0.331,5.9,-13.3,46,23.3,135
2005,Reds,103,6321,222,820,784,72,9.70%,20.60%,0.185,0.302,0.261,0.339,0.446,0.34,12.9,35.5,-10.3,23.2,136
2010,Phillies,99,6291,166,772,736,108,8.90%,16.90%,0.153,0.292,0.26,0.332,0.413,0.327,13.3,5.5,27.4,23.1,137
2011,Tigers,109,6231,169,787,750,49,8.40%,18.30%,0.157,0.318,0.277,0.34,0.434,0.337,-15.2,48.5,-36.5,23.1,138
2007,Rockies,97,6498,171,860,823,100,9.60%,17.70%,0.158,0.322,0.28,0.354,0.437,0.346,10.1,-19.4,41.6,23.1,139
2019,Rays,102,6285,217,769,730,94,8.60%,23.80%,0.178,0.306,0.254,0.325,0.431,0.321,8.4,27.8,-13,23,140
2005,Athletics,99,6275,155,772,739,31,8.60%,13.10%,0.145,0.281,0.262,0.33,0.407,0.323,12,3.9,13.7,23,141
2013,Pirates,99,6135,161,634,603,94,7.60%,21.70%,0.151,0.294,0.245,0.313,0.396,0.312,1.8,-3.4,30.8,22.8,142
2006,Twins,101,6228,143,801,754,101,7.90%,14.00%,0.138,0.316,0.287,0.347,0.425,0.334,-1.4,5.9,13.5,22.7,143
2017,Mets,101,6169,224,735,713,58,8.60%,20.90%,0.184,0.286,0.25,0.32,0.434,0.322,-11.3,-7.2,32.1,22.6,144
2013,Brewers,91,6064,157,640,610,142,6.70%,19.50%,0.145,0.294,0.252,0.311,0.398,0.311,-6.9,-66,94,22.6,145
2013,Indians,104,6165,171,745,711,117,9.10%,20.80%,0.155,0.3,0.255,0.327,0.41,0.324,11.5,39.3,-29.5,22.6,146
2013,Reds,96,6293,155,698,664,67,9.30%,19.80%,0.142,0.293,0.249,0.327,0.391,0.316,-2,-32.9,52.4,22.5,147
2009,Twins,104,6346,172,817,770,85,9.20%,16.10%,0.155,0.306,0.274,0.345,0.429,0.338,15.3,42.9,-41.4,22.4,148
2019,Cardinals,94,6167,210,764,714,116,9.10%,23.00%,0.17,0.292,0.245,0.322,0.415,0.314,14.4,-31.3,61.4,22.3,149
2016,Nationals,96,6201,203,763,735,121,8.60%,20.20%,0.17,0.293,0.256,0.326,0.426,0.322,16,-16.4,41.2,22.3,150
2009,Braves,97,6335,149,735,700,58,9.50%,16.80%,0.142,0.3,0.263,0.339,0.405,0.327,-20.2,-44.2,67.6,22.2,151
2014,Blue Jays,107,6167,177,723,690,78,8.10%,18.70%,0.155,0.295,0.259,0.323,0.414,0.325,0,44.9,-37,22.2,152
2016,Cardinals,105,6223,225,779,745,35,8.50%,21.20%,0.187,0.294,0.255,0.325,0.443,0.329,-17.1,18.9,2.8,22,153
2010,Rangers,98,6302,162,787,740,123,8.10%,15.60%,0.143,0.307,0.276,0.338,0.419,0.333,4.5,-7.1,-4.1,21.8,154
2006,Tigers,99,6198,203,822,785,60,6.90%,18.30%,0.174,0.31,0.274,0.329,0.449,0.334,-1.6,-12.2,23.4,21.8,155
2015,Royals,99,6116,139,724,689,104,6.30%,15.90%,0.144,0.301,0.269,0.322,0.412,0.318,-0.3,-8.3,13.8,21.8,156
2010,Diamondbacks,93,6183,180,713,691,86,9.50%,24.70%,0.166,0.312,0.25,0.325,0.416,0.325,-8.3,-62.8,85.8,21.8,157
2012,Diamondbacks,97,6150,165,734,710,93,8.80%,20.60%,0.159,0.307,0.259,0.328,0.418,0.323,-5.6,-30.7,52,21.8,158
2007,Indians,104,6367,178,811,784,72,9.30%,18.90%,0.159,0.31,0.268,0.343,0.428,0.336,0.3,31.9,-29.6,21.7,159
2017,Rays,99,6147,228,694,671,88,8.90%,25.00%,0.178,0.296,0.245,0.317,0.422,0.316,11.2,1.1,6.5,21.7,160
2015,Rangers,98,6187,172,751,707,101,8.10%,19.90%,0.156,0.3,0.257,0.325,0.413,0.321,21.6,4.8,-3,21.6,161
2007,Angels,100,6198,123,822,776,139,8.20%,14.20%,0.133,0.315,0.284,0.345,0.417,0.333,3.7,5.3,2,21.6,162
2017,Mariners,103,6166,200,750,714,89,7.90%,20.50%,0.165,0.3,0.259,0.325,0.424,0.321,-12.6,7.2,-0.8,21.6,163
2012,Padres,97,6112,121,651,610,155,8.80%,20.30%,0.133,0.297,0.247,0.319,0.38,0.307,13.8,-8.4,29.1,21.6,164
2015,Diamondbacks,95,6276,154,720,680,132,7.80%,20.90%,0.15,0.316,0.264,0.324,0.414,0.319,12.5,-23.3,32.6,21.6,165
2013,Angels,109,6260,164,733,696,82,8.40%,19.50%,0.15,0.307,0.264,0.329,0.414,0.325,-9.7,54.8,-58,21.6,166
2012,Phillies,93,6172,158,684,659,116,7.40%,17.70%,0.144,0.29,0.255,0.317,0.4,0.311,10.7,-40.8,58.9,21.5,167
2005,Cubs,95,6161,194,703,674,65,6.80%,14.90%,0.17,0.291,0.27,0.324,0.44,0.329,-5.6,-47.4,59.4,21.3,168
2016,Mariners,108,6227,223,768,735,56,8.10%,20.70%,0.171,0.297,0.259,0.326,0.43,0.325,-13.5,44.6,-51.2,21.3,169
2016,Marlins,95,6133,128,655,626,71,7.30%,19.80%,0.131,0.314,0.263,0.322,0.394,0.309,2.4,-40.1,57.4,21.3,170
2008,Yankees,104,6257,180,789,758,118,8.60%,16.20%,0.156,0.302,0.271,0.342,0.427,0.338,-6.7,24.3,-28.4,21.3,171
2006,Indians,108,6303,196,870,839,55,8.80%,19.10%,0.177,0.324,0.28,0.349,0.457,0.347,-2.9,62.8,-61.4,21.2,172
2014,Athletics,102,6245,146,729,686,83,9.40%,17.70%,0.137,0.278,0.244,0.32,0.381,0.312,11,27.2,-30.4,21.2,173
2007,Cubs,90,6268,151,752,711,86,8.00%,16.80%,0.15,0.308,0.271,0.333,0.422,0.329,-3.9,-87,96.7,21.1,174
2016,Tigers,106,6127,211,750,719,58,8.00%,21.30%,0.171,0.312,0.267,0.331,0.438,0.33,-16.9,27,-31.9,21.1,175
2005,Tigers,99,6136,168,723,678,66,6.30%,16.90%,0.157,0.304,0.272,0.321,0.428,0.324,5.5,-5.1,5.9,20.9,176
2019,Phillies,91,6261,215,774,742,78,9.00%,23.20%,0.181,0.293,0.246,0.319,0.427,0.314,13.8,-59.6,71.3,20.8,177
2005,Rangers,106,6301,260,865,834,67,7.90%,17.60%,0.201,0.29,0.267,0.329,0.468,0.344,6.2,49.1,-54.3,20.8,178
2014,Brewers,94,6065,150,650,617,102,7.00%,19.70%,0.147,0.293,0.25,0.311,0.397,0.313,-12.1,-56.2,62.2,20.8,179
2016,Orioles,103,6089,253,744,710,19,7.70%,21.70%,0.188,0.291,0.256,0.317,0.443,0.326,2.5,22.6,-29.8,20.7,180
2007,Marlins,101,6344,201,790,749,105,8.20%,21.00%,0.181,0.315,0.267,0.336,0.448,0.34,3.8,9.4,-6.3,20.7,181
2006,Dodgers,101,6394,153,820,787,128,9.40%,15.00%,0.157,0.307,0.276,0.348,0.432,0.337,-4.8,3.4,-2.6,20.7,182
2012,White Sox,98,6111,211,748,726,109,7.50%,19.70%,0.167,0.289,0.255,0.318,0.422,0.322,-7,-18.2,8.7,20.7,183
2015,Yankees,103,6268,212,764,737,63,8.80%,19.60%,0.17,0.283,0.251,0.323,0.421,0.323,3,25.3,-35.3,20.7,184
2005,Devil Rays,101,6120,157,750,717,151,6.70%,16.20%,0.151,0.306,0.274,0.329,0.425,0.327,10.3,15,-16.4,20.6,185
2012,Tigers,105,6119,163,726,698,59,8.40%,18.00%,0.154,0.307,0.268,0.335,0.422,0.328,-17.8,15.4,-27.2,20.5,186
2010,Athletics,95,6117,109,663,619,156,8.60%,17.30%,0.122,0.297,0.256,0.324,0.378,0.313,17.8,-20.6,1,20.3,187
2014,Rays,97,6205,117,612,586,63,8.50%,18.10%,0.12,0.287,0.247,0.317,0.367,0.305,1,-19.9,9.5,20.3,188
2018,Diamondbacks,89,6157,176,693,658,79,9.10%,23.70%,0.162,0.286,0.235,0.31,0.397,0.306,7.1,-76,79.2,20.3,189
2019,Angels,99,6251,220,769,734,65,9.40%,20.40%,0.175,0.281,0.247,0.324,0.422,0.316,-6.1,-16.9,4.6,20.3,190
2005,Padres,98,6271,130,684,655,99,9.60%,15.60%,0.134,0.289,0.257,0.333,0.391,0.318,-0.3,-19.8,17.7,20.3,191
2006,Marlins,96,6191,182,758,713,110,8.00%,20.20%,0.171,0.309,0.264,0.331,0.435,0.329,12.6,-18.2,20,20.2,192
2012,Red Sox,95,6166,165,734,695,97,6.90%,19.40%,0.155,0.301,0.26,0.315,0.415,0.316,2.6,-37.1,20,20.1,193
2006,Reds,94,6296,217,749,718,124,9.80%,18.90%,0.175,0.29,0.257,0.336,0.432,0.332,16.4,-36.5,31.1,19.8,194
2011,Royals,101,6267,129,730,705,153,7.10%,16.10%,0.14,0.311,0.275,0.329,0.415,0.325,0.7,4.5,-25.3,19.8,195
2006,Mariners,95,6213,172,756,703,106,6.50%,15.70%,0.153,0.3,0.272,0.325,0.424,0.322,4,-37.6,26.5,19.7,196
2019,Indians,94,6124,223,769,731,103,9.20%,21.80%,0.183,0.289,0.25,0.323,0.432,0.319,4.3,-45.5,31.9,19.7,197
2006,Astros,90,6326,174,735,708,79,9.20%,17.00%,0.154,0.286,0.255,0.332,0.409,0.322,5.7,-82.5,74.7,19.7,198
2013,Rangers,97,6196,176,730,691,149,7.50%,17.20%,0.15,0.294,0.262,0.323,0.412,0.323,2,-22.5,3.9,19.7,199
2017,Diamondbacks,95,6224,220,812,776,103,9.30%,23.40%,0.19,0.306,0.254,0.329,0.445,0.329,12.4,-27.9,21.1,19.7,200
2015,Rays,100,6071,167,644,612,87,7.20%,21.60%,0.154,0.3,0.252,0.314,0.406,0.313,-13.4,-16.2,2.5,19.6,201
2011,Dodgers,95,6094,117,644,613,126,8.20%,17.80%,0.118,0.299,0.257,0.322,0.375,0.307,10.2,-24.6,24.3,19.6,202
2005,Angels,96,6186,147,761,726,161,7.20%,13.70%,0.139,0.294,0.27,0.325,0.409,0.319,3.3,-30.8,17,19.6,203
2009,Reds,84,6187,158,673,637,96,8.60%,18.20%,0.147,0.282,0.247,0.318,0.394,0.313,5.2,-118.5,119.4,19.5,204
2009,Blue Jays,101,6362,209,798,766,73,8.60%,16.20%,0.174,0.29,0.266,0.333,0.44,0.337,12.2,21.5,-50,19.5,205
2006,Nationals,96,6283,164,746,695,123,9.50%,18.40%,0.156,0.301,0.262,0.338,0.418,0.327,3.3,-27.3,18.8,19.5,206
2017,Reds,95,6213,219,753,715,120,9.10%,21.40%,0.179,0.294,0.253,0.329,0.433,0.325,-5.3,-47.4,38.7,19.4,207
2013,Royals,89,6093,112,648,620,153,6.90%,17.20%,0.119,0.3,0.26,0.315,0.379,0.305,18.2,-57.4,39.6,19.4,208
2012,Athletics,97,6183,195,713,676,122,8.90%,22.40%,0.166,0.281,0.238,0.31,0.404,0.311,19.4,0.3,-24.4,19.4,209
2013,Diamondbacks,93,6334,130,685,647,62,8.20%,18.00%,0.133,0.301,0.259,0.323,0.391,0.314,-18.5,-69.4,59.4,19.4,210
2005,Brewers,95,6156,175,726,689,79,8.60%,18.90%,0.163,0.298,0.259,0.331,0.423,0.327,-5.2,-44.4,37.3,19.4,211
2008,Twins,99,6331,111,829,791,102,8.40%,15.50%,0.129,0.316,0.279,0.34,0.408,0.328,12.3,4.7,-30.5,19.3,212
2009,Marlins,97,6312,159,772,727,75,9.00%,19.40%,0.148,0.316,0.268,0.34,0.416,0.332,4.5,-16.7,12,19.3,213
2006,White Sox,103,6318,236,868,839,93,7.90%,16.70%,0.184,0.305,0.28,0.342,0.464,0.346,-8.4,14.4,-34.1,19.3,214
2016,Angels,99,6041,156,717,686,73,7.80%,16.40%,0.145,0.289,0.26,0.322,0.405,0.314,-16.8,-27.4,6.4,19.2,215
2005,Blue Jays,94,6233,136,775,735,72,7.80%,15.30%,0.142,0.296,0.265,0.331,0.407,0.323,12.3,-33.3,13.6,19.1,216
2016,Rays,98,6046,216,672,647,60,7.40%,24.50%,0.182,0.293,0.243,0.307,0.426,0.315,-0.4,-13,-9,19.1,217
2015,Indians,97,6109,141,669,640,86,8.70%,18.90%,0.144,0.299,0.256,0.325,0.401,0.315,8.1,-15.6,-4.5,19.1,218
2008,Orioles,99,6211,172,782,750,81,8.60%,15.90%,0.162,0.296,0.267,0.333,0.429,0.333,-5.1,-17,-7.7,19,219
2009,Rangers,92,6127,224,784,748,149,7.70%,20.50%,0.185,0.296,0.26,0.32,0.445,0.331,9.1,-49.8,24.6,19,220
2011,Phillies,96,6279,153,713,693,96,8.60%,16.30%,0.142,0.283,0.253,0.323,0.395,0.315,3.5,-29.5,17.9,19,221
2009,Rockies,96,6241,190,804,760,106,10.60%,20.50%,0.18,0.305,0.261,0.343,0.441,0.341,5.3,-29.7,22.8,18.9,222
2005,Orioles,101,6134,189,729,700,83,7.30%,14.70%,0.165,0.289,0.269,0.327,0.434,0.33,-9.5,-0.6,-18.7,18.8,223
2016,Pirates,97,6261,153,729,696,110,9.00%,21.30%,0.144,0.311,0.257,0.332,0.402,0.318,-6.7,-26.5,15.6,18.8,224
2017,Angels,92,6073,186,710,678,136,8.60%,19.70%,0.155,0.277,0.243,0.315,0.397,0.307,1.4,-61.3,42.6,18.8,225
2014,Royals,92,6058,95,651,604,153,6.30%,16.30%,0.113,0.302,0.263,0.314,0.376,0.306,4.8,-47.8,28.1,18.8,226
2013,Padres,94,6122,146,618,578,118,7.60%,21.40%,0.133,0.294,0.245,0.308,0.378,0.302,8.8,-35.4,24.4,18.6,227
2016,Rockies,94,6236,204,845,805,66,7.90%,21.30%,0.182,0.326,0.275,0.336,0.457,0.339,1.1,-45,32.2,18.5,228
2011,Braves,91,6169,173,641,606,77,8.20%,20.40%,0.144,0.284,0.243,0.308,0.387,0.306,-4.8,-70.5,57.9,18.5,229
2008,Marlins,96,6206,208,770,741,76,8.70%,22.10%,0.179,0.3,0.254,0.326,0.433,0.33,5.7,-27.5,14.2,18.5,230
2006,Royals,92,6229,124,757,718,65,7.60%,16.70%,0.14,0.311,0.271,0.332,0.411,0.323,3,-64.6,37.7,18.3,231
2005,Marlins,98,6214,128,717,678,96,8.20%,14.80%,0.137,0.304,0.272,0.339,0.409,0.326,-7.1,-23,2.5,18.2,232
2018,Mariners,100,6087,176,677,644,79,7.10%,20.10%,0.154,0.295,0.254,0.314,0.408,0.313,-7,-6.8,-17.4,18.2,233
2017,Red Sox,91,6338,168,785,735,106,9.00%,19.30%,0.149,0.3,0.258,0.329,0.407,0.316,4.9,-64,30.2,18.2,234
2011,Giants,88,6091,121,570,534,85,7.40%,18.40%,0.126,0.281,0.242,0.303,0.368,0.295,-6.5,-87.9,74.2,18.1,235
2005,Astros,90,6139,161,693,654,115,7.80%,16.90%,0.152,0.288,0.256,0.322,0.408,0.318,-0.1,-77.8,58.5,18.1,236
2005,Mets,93,6146,175,722,683,153,7.90%,17.50%,0.158,0.29,0.258,0.322,0.416,0.32,21,-32.8,13.2,18.1,237
2014,Yankees,94,6082,147,633,591,112,7.40%,18.60%,0.135,0.282,0.245,0.307,0.38,0.305,3.2,-38.5,11.7,18.1,238
2014,Cardinals,95,6086,105,619,585,57,7.70%,18.60%,0.116,0.3,0.253,0.32,0.369,0.308,-15.5,-49,29.9,18.1,239
2007,Cardinals,94,6211,141,725,690,56,8.10%,14.60%,0.132,0.303,0.274,0.337,0.405,0.326,-12.7,-61.3,40.6,18,240
2005,White Sox,95,6146,200,741,713,137,7.10%,16.30%,0.163,0.286,0.262,0.322,0.425,0.324,-1.9,-42.1,13.8,18,241
2015,Red Sox,99,6237,161,748,706,71,7.70%,18.40%,0.149,0.305,0.265,0.325,0.415,0.321,1.4,-5.9,-28.9,17.9,242
2015,Nationals,96,6117,177,703,665,57,8.80%,22.00%,0.151,0.3,0.251,0.321,0.403,0.315,-2.3,-29.7,9.4,17.9,243
2014,Mets,92,6145,125,629,602,101,8.40%,20.60%,0.126,0.286,0.239,0.308,0.364,0.299,-0.4,-56,32.6,17.8,244
2018,Pirates,95,6066,157,692,665,70,7.80%,20.30%,0.154,0.298,0.254,0.317,0.407,0.312,-13.3,-47.6,29.1,17.7,245
2015,Orioles,97,6007,217,713,686,44,7.00%,22.20%,0.171,0.291,0.25,0.307,0.421,0.315,-4.9,-23.9,-5.9,17.7,246
2007,Devil Rays,103,6280,187,782,750,131,8.70%,21.10%,0.165,0.318,0.268,0.336,0.433,0.335,8.4,29.5,-66,17.6,247
2008,Angels,96,6155,159,765,721,129,7.80%,16.00%,0.145,0.299,0.268,0.33,0.413,0.324,-1,-30.9,-6.5,17.6,248
2013,Nationals,94,6047,161,656,621,88,7.70%,19.70%,0.146,0.292,0.251,0.313,0.398,0.311,3.1,-34.7,16.3,17.6,249
2017,Athletics,103,6126,234,739,708,57,9.20%,24.30%,0.19,0.294,0.246,0.319,0.436,0.323,-5.5,19.9,-53.6,17.5,250
2009,Diamondbacks,89,6269,173,720,686,102,9.10%,20.70%,0.165,0.299,0.253,0.324,0.418,0.324,13.1,-75.3,53.6,17.5,251
2005,Yankees,116,6406,229,886,847,84,9.90%,15.40%,0.174,0.297,0.276,0.355,0.45,0.35,-3.4,118.5,-160.9,17.4,252
2015,Mariners,100,6131,198,656,624,69,7.80%,21.80%,0.162,0.292,0.249,0.311,0.411,0.313,-23.1,-20.7,-15.8,17.4,253
2014,Red Sox,89,6226,123,634,601,63,8.60%,21.50%,0.124,0.297,0.244,0.316,0.369,0.305,-8.1,-83,44.8,17.3,254
2008,Blue Jays,94,6191,126,714,681,80,8.40%,15.20%,0.135,0.295,0.264,0.331,0.399,0.322,-10.9,-60.7,19.1,17.3,255
2017,Brewers,94,6135,224,732,695,128,8.90%,25.60%,0.18,0.308,0.249,0.322,0.429,0.321,2.4,-48.6,20.7,17.3,256
2011,Mets,102,6335,108,718,676,130,9.00%,17.10%,0.127,0.307,0.264,0.335,0.391,0.319,11.1,25,-55.1,17.2,257
2007,Athletics,99,6365,171,741,711,52,10.40%,17.60%,0.151,0.29,0.256,0.338,0.407,0.328,-7,-12.1,-32.1,17.2,258
2006,Orioles,96,6240,164,768,727,121,7.60%,14.10%,0.146,0.302,0.277,0.339,0.424,0.331,-4.5,-36.4,-2.7,17.1,259
2015,Tigers,103,6159,151,689,660,83,7.40%,20.40%,0.15,0.322,0.27,0.328,0.42,0.324,-27.6,-8.6,-31.6,17.1,260
2015,Angels,95,5990,176,661,621,52,7.30%,19.20%,0.15,0.28,0.246,0.307,0.396,0.305,0.5,-37,2.3,17.1,261
2014,Rockies,97,6164,186,755,721,85,6.40%,20.80%,0.169,0.326,0.276,0.327,0.445,0.337,-12.3,-33.1,2.2,17,262
2006,Angels,95,6221,159,766,737,148,7.80%,14.70%,0.15,0.301,0.274,0.334,0.425,0.327,11.3,-27.4,-12.1,17,263
2013,Blue Jays,99,6152,185,712,669,112,8.30%,18.30%,0.158,0.284,0.252,0.318,0.411,0.32,3.8,-2.8,-39.1,17,264
2007,Dodgers,94,6282,129,735,706,137,8.10%,13.80%,0.131,0.303,0.275,0.337,0.406,0.326,18.3,-33.3,-1.5,16.8,265
2008,Tigers,106,6331,200,821,780,63,9.00%,17.00%,0.173,0.301,0.271,0.34,0.444,0.343,-6.7,42.3,-93.8,16.8,266
2009,Mariners,89,6113,160,640,613,89,6.90%,17.90%,0.144,0.293,0.258,0.314,0.402,0.313,-4.5,-87,40,16.8,267
2008,Dodgers,93,6194,137,700,659,126,8.80%,16.70%,0.134,0.301,0.264,0.333,0.399,0.321,5.1,-51.1,20.4,16.7,268
2011,Nationals,89,6090,154,624,594,106,7.70%,21.70%,0.14,0.292,0.242,0.309,0.383,0.305,3.7,-73.4,45.6,16.6,269
2005,Nationals,88,6142,117,639,615,45,8.00%,17.70%,0.134,0.293,0.252,0.322,0.386,0.309,-16.4,-112.9,78.8,16.6,270
2014,Marlins,95,6185,122,645,614,58,8.10%,22.90%,0.125,0.316,0.253,0.317,0.378,0.307,-5.6,-42.3,7,16.6,271
2018,Reds,95,6240,172,696,665,77,9.00%,22.10%,0.148,0.307,0.254,0.328,0.401,0.317,-1.9,-44,8.6,16.6,272
2009,Giants,83,6057,122,657,612,78,6.50%,19.10%,0.132,0.302,0.257,0.309,0.389,0.305,10,-118.1,94,16.6,273
2010,Nationals,90,6100,149,655,634,110,8.20%,20.00%,0.14,0.294,0.25,0.318,0.39,0.313,-11.3,-84.4,59.9,16.6,274
2006,Athletics,97,6281,175,771,735,61,10.30%,15.50%,0.152,0.285,0.26,0.34,0.412,0.328,-16.5,-38.5,-8.1,16.5,275
2013,Mets,90,6207,130,619,593,114,8.20%,22.30%,0.129,0.291,0.237,0.306,0.366,0.297,23,-49.2,16.1,16.5,276
2015,Reds,91,6196,167,640,613,134,8.00%,20.30%,0.146,0.29,0.248,0.312,0.394,0.307,10.9,-52.1,16.1,16.5,277
2019,Mariners,98,6199,239,758,730,115,9.50%,25.50%,0.187,0.287,0.237,0.316,0.424,0.314,13.4,0,-50.1,16.4,278
2015,Padres,90,6019,148,650,623,82,7.10%,22.00%,0.142,0.292,0.243,0.3,0.385,0.298,5,-63.2,31.5,16.4,279
2014,Mariners,94,5977,136,634,600,96,6.60%,20.60%,0.132,0.29,0.244,0.3,0.376,0.299,3.2,-37.5,-1.5,16.4,280
2018,Rockies,88,6178,210,780,748,95,8.20%,22.60%,0.179,0.304,0.256,0.322,0.435,0.325,3.2,-88.7,53.2,16.4,281
2007,Blue Jays,95,6197,165,753,719,57,8.60%,16.80%,0.16,0.29,0.259,0.327,0.419,0.326,-11.3,-47.2,-0.8,16.2,282
2016,Rangers,95,6089,215,765,746,99,7.20%,20.00%,0.172,0.298,0.262,0.322,0.433,0.324,2,-37,-14.5,16.2,283
2014,Twins,100,6233,128,715,675,99,8.70%,21.30%,0.135,0.309,0.254,0.324,0.389,0.316,20.9,23.8,-72.6,16.2,284
2006,Red Sox,100,6435,192,820,777,51,10.40%,16.40%,0.166,0.298,0.269,0.351,0.435,0.34,-10.3,-13.3,-43.5,16.1,285
2018,Twins,96,6154,166,738,704,47,8.70%,21.60%,0.155,0.298,0.25,0.318,0.405,0.313,0.6,-30.6,-17.4,16,286
2010,Marlins,92,6194,152,719,686,92,8.30%,22.20%,0.149,0.309,0.254,0.321,0.403,0.318,22.5,-36.2,2.7,15.9,287
2006,Brewers,89,6130,180,730,695,71,8.20%,20.10%,0.162,0.3,0.258,0.327,0.42,0.322,-1.5,-87.8,47.7,15.9,288
2012,Mets,94,6091,139,650,625,79,8.30%,20.50%,0.137,0.298,0.249,0.316,0.386,0.306,-3.2,-48.8,16.1,15.9,289
2006,Rangers,97,6273,183,835,799,53,8.10%,16.90%,0.168,0.311,0.278,0.338,0.446,0.337,-7.4,-31.5,-21.7,15.9,290
2017,Braves,90,6216,165,732,706,77,7.60%,19.00%,0.15,0.305,0.263,0.326,0.412,0.316,4.3,-79.8,35,15.9,291
2007,Padres,96,6326,171,741,704,55,8.80%,19.40%,0.16,0.291,0.251,0.322,0.411,0.32,3.3,-30.2,-16.6,15.8,292
2010,White Sox,100,6118,177,752,710,160,7.60%,15.10%,0.152,0.292,0.268,0.332,0.42,0.332,-8.1,-7.7,-56.3,15.7,293
2006,Giants,88,6136,163,746,711,58,8.10%,14.50%,0.163,0.282,0.259,0.324,0.422,0.32,-15.8,-116.2,73.5,15.7,294
2016,Diamondbacks,93,6260,190,752,709,137,7.40%,22.80%,0.171,0.315,0.261,0.32,0.432,0.321,17.7,-39.9,-2.1,15.6,295
2011,Blue Jays,97,6210,186,743,704,131,8.50%,19.10%,0.164,0.283,0.249,0.317,0.413,0.319,12.1,-11.6,-46.8,15.6,296
2009,Padres,93,6179,141,638,605,82,9.50%,19.10%,0.138,0.284,0.242,0.321,0.381,0.309,-10.4,-67.1,28.9,15.5,297
2007,Reds,94,6332,204,783,747,97,8.50%,17.60%,0.17,0.298,0.267,0.335,0.436,0.335,-7.2,-58.3,8.4,15.5,298
2016,Yankees,92,6058,183,680,647,72,7.80%,19.60%,0.153,0.289,0.252,0.314,0.405,0.311,10.6,-49.7,-7.3,15.5,299
2008,White Sox,101,6231,235,811,785,67,8.70%,16.30%,0.185,0.281,0.263,0.332,0.448,0.339,-27.4,-17.7,-43.6,15.5,300
2014,Cubs,91,6102,157,614,590,65,7.20%,24.20%,0.146,0.296,0.239,0.3,0.385,0.303,4,-59.5,15.2,15.4,301
2015,Marlins,91,5988,120,613,575,112,6.30%,19.20%,0.124,0.307,0.26,0.31,0.384,0.302,-1.2,-67.2,26.8,15.3,302
2007,Mariners,103,6209,153,794,754,81,6.30%,13.90%,0.138,0.313,0.287,0.337,0.425,0.333,-9.6,10.7,-68.4,15.3,303
2007,Rangers,94,6214,179,816,768,88,8.10%,19.70%,0.163,0.305,0.263,0.328,0.426,0.329,12.6,-33.4,-26.5,15.1,304
2009,Nationals,96,6273,156,710,685,73,9.80%,19.30%,0.148,0.302,0.258,0.337,0.406,0.327,-5.7,-37.9,-7.6,15.1,305
2010,Mets,89,6144,128,656,625,130,8.20%,17.80%,0.134,0.287,0.249,0.314,0.383,0.307,10.6,-70.9,30.6,15.1,306
2007,Orioles,95,6264,142,756,718,144,8.00%,15.00%,0.141,0.302,0.272,0.333,0.412,0.327,-9,-45.2,-17.2,15.1,307
2009,Tigers,94,6234,183,743,718,72,8.70%,17.90%,0.156,0.294,0.26,0.331,0.416,0.328,0.4,-48.5,-19.9,15,308
2018,Mets,94,6177,170,676,649,71,9.20%,22.70%,0.154,0.283,0.234,0.312,0.389,0.305,2.6,-40.1,-8.3,15,309
2011,Padres,86,6074,91,593,563,170,8.20%,21.70%,0.112,0.294,0.237,0.305,0.349,0.29,18.2,-77.3,34.3,15,310
2016,White Sox,97,6131,168,686,656,77,7.40%,21.00%,0.153,0.304,0.257,0.317,0.41,0.314,-2.5,-27.2,-38,15,311
2014,Reds,83,5978,131,595,562,122,6.90%,20.90%,0.127,0.284,0.238,0.296,0.365,0.294,-1.2,-115.4,69.1,14.7,312
2008,Athletics,86,6138,125,646,610,88,9.40%,20.00%,0.127,0.289,0.242,0.318,0.369,0.306,12.4,-92.6,27.1,14.7,313
2012,Orioles,96,6160,214,712,677,58,7.80%,21.30%,0.17,0.286,0.247,0.311,0.417,0.317,-17.1,-44,-24.7,14.6,314
2009,Athletics,94,6247,135,759,723,133,8.40%,16.70%,0.135,0.298,0.262,0.328,0.397,0.32,12.8,-38,-34.9,14.6,315
2013,Yankees,86,6044,144,650,614,115,7.70%,20.10%,0.133,0.285,0.242,0.307,0.376,0.301,4.4,-89.2,28.1,14.6,316
2009,Indians,100,6320,161,773,730,84,9.20%,19.20%,0.153,0.308,0.264,0.339,0.417,0.333,-1.1,-0.7,-75.7,14.5,317
2009,Cubs,90,6244,161,707,678,56,9.50%,19.00%,0.152,0.296,0.255,0.332,0.407,0.324,-13.2,-89.3,39,14.5,318
2011,Cubs,91,6130,148,654,610,69,6.90%,19.60%,0.144,0.301,0.256,0.314,0.401,0.314,-17.7,-80.2,29.5,14.3,319
2012,Blue Jays,92,6094,198,716,677,123,7.80%,20.50%,0.161,0.281,0.245,0.309,0.407,0.311,2.5,-55.8,-14,14.3,320
2007,Royals,85,6140,102,706,660,78,7.00%,17.40%,0.126,0.305,0.261,0.322,0.388,0.312,-1.6,-121.2,55.1,14.3,321
2017,Tigers,98,6150,187,735,699,65,8.20%,21.30%,0.166,0.306,0.258,0.324,0.424,0.321,-19.8,-37.8,-29.4,14.2,322
2013,Cubs,90,6079,172,602,576,63,7.20%,20.20%,0.154,0.275,0.238,0.3,0.392,0.304,-11.9,-78.3,27.3,14.1,323
2014,Indians,98,6222,142,669,644,104,8.10%,19.10%,0.136,0.296,0.253,0.317,0.389,0.313,9.9,-1.7,-65.6,14.1,324
2010,Angels,94,6089,155,681,656,104,7.70%,17.60%,0.142,0.281,0.248,0.311,0.39,0.31,-8.8,-54.2,-24.1,14.1,325
2017,White Sox,95,6059,186,706,670,71,6.60%,23.10%,0.161,0.309,0.256,0.314,0.417,0.313,-1.9,-36.4,-29.2,14.1,326
2007,Twins,91,6161,118,718,671,112,8.30%,13.60%,0.127,0.291,0.264,0.33,0.391,0.317,2.6,-68.7,-0.4,14.1,327
2008,Padres,92,6244,154,637,615,36,8.30%,20.20%,0.14,0.294,0.25,0.317,0.39,0.311,-4.2,-63.7,2.6,13.8,328
2008,Reds,87,6188,187,704,677,85,9.00%,18.20%,0.161,0.278,0.247,0.321,0.408,0.319,1.1,-103.3,43.7,13.8,329
2012,Dodgers,90,6091,116,637,607,104,7.90%,19.00%,0.122,0.298,0.252,0.317,0.374,0.302,-8.6,-81.9,28.9,13.8,330
2010,Cubs,90,6140,149,685,658,55,7.80%,20.10%,0.145,0.304,0.257,0.32,0.401,0.318,-10.3,-81.7,29,13.8,331
2006,Cubs,84,6147,166,716,677,121,6.40%,15.10%,0.154,0.294,0.268,0.319,0.422,0.32,-1,-128.9,65.3,13.7,332
2011,Marlins,92,6232,149,625,596,95,8.70%,20.00%,0.142,0.291,0.247,0.318,0.388,0.311,2.1,-56.1,-3.7,13.7,333
2017,Rockies,88,6201,192,824,793,59,8.40%,22.70%,0.171,0.332,0.273,0.338,0.444,0.332,-6.4,-105.8,40,13.7,334
2014,Astros,98,6055,163,629,596,122,8.20%,23.80%,0.141,0.298,0.242,0.309,0.383,0.308,3.6,-8.1,-57.9,13.7,335
2005,Mariners,90,6095,130,699,657,102,7.60%,16.20%,0.136,0.289,0.256,0.317,0.391,0.309,7.1,-66.3,-3.2,13.7,336
2013,Rockies,87,6152,159,706,673,112,6.90%,19.60%,0.149,0.317,0.27,0.323,0.418,0.324,17.4,-72.7,15.1,13.7,337
2005,Dodgers,91,6134,149,685,653,58,8.80%,17.80%,0.142,0.29,0.253,0.326,0.395,0.317,-21.4,-93.4,29,13.6,338
2006,Rockies,87,6348,157,813,761,85,8.80%,17.50%,0.163,0.31,0.27,0.341,0.433,0.333,-2.7,-111.8,39.3,13.5,339
2010,Rockies,91,6265,173,770,741,99,9.30%,20.30%,0.162,0.31,0.263,0.336,0.425,0.333,9.3,-62.1,2.5,13.4,340
2005,Pirates,89,6221,139,680,656,73,7.60%,17.60%,0.141,0.297,0.259,0.322,0.4,0.315,-5,-91.3,22.8,13.4,341
2019,Padres,88,6019,219,682,652,70,8.40%,26.30%,0.172,0.293,0.238,0.308,0.41,0.305,-11.1,-109.8,52.5,13.4,342
2011,Astros,88,6150,95,615,579,118,6.50%,18.90%,0.116,0.308,0.258,0.311,0.374,0.301,-0.6,-89.1,28.3,13.3,343
2014,White Sox,99,6077,155,660,625,85,6.90%,22.40%,0.146,0.306,0.253,0.31,0.398,0.312,-13.1,-23.5,-46.4,13.3,344
2010,Dodgers,92,6140,120,667,621,92,8.70%,19.30%,0.127,0.299,0.252,0.322,0.379,0.309,1.3,-60.6,3.4,13.3,345
2018,Blue Jays,101,6076,217,709,680,47,8.20%,22.80%,0.183,0.286,0.244,0.312,0.427,0.319,-27.1,-22.5,-49.7,13.2,346
2007,Nationals,88,6201,123,673,646,69,8.50%,18.20%,0.134,0.3,0.256,0.325,0.39,0.315,-10.8,-108.6,39.1,13.2,347
2005,Twins,89,6192,134,688,644,102,7.80%,15.80%,0.132,0.291,0.259,0.323,0.391,0.312,-14.5,-96.1,18.6,13.2,348
2014,Diamondbacks,83,6089,118,615,573,86,6.50%,19.10%,0.127,0.293,0.248,0.302,0.376,0.3,1.5,-112.8,47.5,13,349
2005,Giants,86,6077,128,649,617,71,7.10%,14.80%,0.135,0.29,0.261,0.319,0.396,0.312,-13.9,-121.6,53.1,13,350
2014,Braves,86,6064,123,573,545,95,7.80%,22.60%,0.119,0.298,0.241,0.305,0.36,0.296,-4.4,-98.9,32.7,12.8,351
2009,Mets,94,6159,95,671,631,122,8.50%,15.10%,0.124,0.307,0.27,0.335,0.394,0.32,-5.4,-48.2,-16.8,12.8,352
2012,Royals,94,6149,131,676,643,132,6.60%,16.80%,0.135,0.302,0.265,0.317,0.4,0.311,-7.4,-50.8,-35.7,12.7,353
2009,Astros,89,6040,142,643,616,113,7.40%,16.40%,0.14,0.293,0.26,0.319,0.4,0.315,-18,-99,37,12.7,354
2016,Brewers,92,6061,194,671,641,181,9.90%,25.50%,0.163,0.304,0.244,0.322,0.407,0.315,5.2,-55.2,-9.3,12.7,355
2015,Brewers,87,6024,145,655,624,84,6.80%,21.60%,0.142,0.303,0.251,0.307,0.393,0.304,1.5,-87.9,20.7,12.6,356
2012,Twins,95,6209,131,701,666,135,8.10%,17.20%,0.13,0.298,0.26,0.325,0.39,0.313,0.7,-32.5,-57.5,12.6,357
2007,Pirates,90,6214,148,724,694,68,7.50%,18.30%,0.149,0.303,0.263,0.325,0.411,0.322,-10.4,-94,16.8,12.5,358
2005,Diamondbacks,91,6327,191,696,670,67,9.60%,17.30%,0.165,0.285,0.256,0.332,0.421,0.328,1.3,-71.2,-10.7,12.4,359
2007,Astros,92,6324,167,723,700,65,8.60%,16.50%,0.152,0.291,0.26,0.33,0.412,0.325,-17.9,-86.6,5.3,12.4,360
2016,Twins,95,6245,200,722,690,91,8.20%,22.80%,0.171,0.3,0.251,0.316,0.421,0.317,7.8,-28.5,-65.9,12.4,361
2011,Orioles,96,6156,191,708,684,81,7.30%,18.20%,0.156,0.288,0.257,0.316,0.413,0.32,-11.3,-39.1,-48.9,12.3,362
2018,Phillies,90,6136,186,677,653,69,9.50%,24.80%,0.158,0.289,0.234,0.314,0.393,0.307,2.9,-71.4,-3.1,12.2,363
2015,Twins,89,6017,156,696,661,70,7.30%,21.00%,0.152,0.292,0.247,0.305,0.399,0.305,-5.5,-80.4,-2.1,12.1,364
2016,Reds,89,6094,164,716,678,139,7.40%,21.10%,0.152,0.303,0.256,0.316,0.408,0.311,-4.3,-89.9,18.6,12.1,365
2018,Royals,88,6063,155,638,606,117,7.00%,21.60%,0.146,0.293,0.245,0.305,0.392,0.303,-7.4,-97.1,11.6,11.8,366
2016,Royals,89,6052,147,675,640,121,6.30%,20.20%,0.139,0.309,0.261,0.312,0.4,0.307,-4.3,-83.9,-9.8,11.8,367
2011,Rockies,88,6275,163,735,697,118,8.80%,19.10%,0.152,0.3,0.258,0.329,0.41,0.324,-1.8,-92.5,12.7,11.7,368
2014,Padres,82,5905,109,535,500,91,7.90%,21.90%,0.115,0.277,0.226,0.292,0.342,0.283,-6.2,-128.7,56.9,11.7,369
2011,White Sox,90,6159,154,654,625,81,7.70%,16.10%,0.136,0.28,0.252,0.319,0.388,0.312,-9.9,-80,-13.9,11.7,370
2009,Orioles,93,6233,160,741,708,76,8.30%,16.30%,0.147,0.3,0.268,0.332,0.415,0.328,-20.1,-74.3,-28.1,11.6,371
2014,Rangers,90,6026,111,637,597,105,6.90%,19.30%,0.119,0.305,0.256,0.314,0.375,0.305,-1.8,-66.8,-17,11.6,372
2014,Phillies,86,6198,125,619,584,109,7.10%,21.10%,0.121,0.292,0.242,0.302,0.363,0.295,10.6,-85.5,4.2,11.6,373
2019,Blue Jays,92,6091,247,726,697,51,8.40%,24.90%,0.192,0.28,0.236,0.305,0.428,0.31,-7,-71.4,-25.7,11.5,374
2018,Rangers,89,6163,194,737,696,74,9.00%,24.10%,0.164,0.292,0.24,0.318,0.404,0.315,7.2,-77.4,-15.1,11.4,375
2015,Athletics,95,6171,146,694,661,78,7.70%,18.10%,0.144,0.288,0.251,0.312,0.395,0.308,-1,-34.1,-60.7,11.3,376
2017,Orioles,95,6140,232,743,713,32,6.40%,23.00%,0.175,0.306,0.26,0.312,0.435,0.318,-14.9,-51.3,-44.9,11.3,377
2012,Cubs,81,5967,137,613,570,94,7.50%,20.70%,0.138,0.286,0.24,0.302,0.378,0.297,-6,-138.9,65.7,11.3,378
2017,Royals,91,6027,193,702,660,91,6.50%,19.30%,0.16,0.295,0.259,0.311,0.42,0.312,2.5,-65.6,-28.5,11.1,379
2019,Reds,87,6100,227,701,679,80,8.10%,23.50%,0.178,0.288,0.244,0.315,0.422,0.312,-16.7,-117.9,34.4,11.1,380
2016,Padres,84,6000,177,686,654,125,7.50%,25.00%,0.155,0.291,0.235,0.299,0.39,0.297,24.8,-92.3,14,11.1,381
2019,White Sox,93,6042,182,708,676,63,6.30%,25.60%,0.153,0.329,0.261,0.314,0.414,0.309,5.3,-48,-52.2,11,382
2010,Indians,94,6165,128,646,601,91,8.80%,19.20%,0.13,0.293,0.248,0.322,0.378,0.311,1.3,-40.7,-70.3,11,383
2019,Pirates,92,6228,163,758,722,64,6.80%,19.50%,0.156,0.309,0.265,0.321,0.42,0.313,-4.6,-67.9,-22.1,10.9,384
2006,Diamondbacks,87,6330,160,773,743,76,8.00%,15.20%,0.157,0.294,0.267,0.331,0.424,0.326,-6.6,-112.3,12.3,10.8,385
2013,Twins,91,6212,151,614,590,52,8.60%,23.00%,0.138,0.298,0.242,0.312,0.38,0.307,1.2,-66.1,-35.4,10.8,386
2017,Blue Jays,93,6154,222,693,661,53,8.80%,21.60%,0.172,0.276,0.24,0.312,0.412,0.312,-15.8,-72.6,-30.2,10.7,387
2012,Marlins,87,6057,137,609,576,149,8.00%,20.30%,0.138,0.289,0.244,0.308,0.382,0.3,2.5,-92.9,10.9,10.6,388
2017,Giants,83,6137,128,639,612,76,7.60%,19.60%,0.132,0.294,0.249,0.309,0.38,0.296,2.6,-134.1,38.5,10.5,389
2007,Giants,81,6213,131,683,641,119,8.60%,14.60%,0.133,0.281,0.254,0.322,0.387,0.31,-4.7,-158.1,60.6,10.5,390
2009,Pirates,86,6058,125,636,612,90,8.20%,18.90%,0.135,0.296,0.252,0.318,0.387,0.31,-6.2,-113,27.8,10.5,391
2017,Phillies,87,6133,174,690,654,59,8.10%,23.10%,0.159,0.304,0.25,0.315,0.409,0.31,-9.5,-109.5,13.1,10.4,392
2012,Rockies,90,6183,166,758,716,100,7.30%,19.60%,0.163,0.321,0.274,0.33,0.436,0.331,2.8,-73.8,-14.7,10.3,393
2005,Rockies,85,6240,150,741,704,65,8.20%,17.70%,0.144,0.307,0.267,0.333,0.411,0.325,-10.7,-130.7,30.5,10.3,394
2008,Giants,83,6145,94,640,606,108,7.40%,17.00%,0.12,0.305,0.262,0.321,0.382,0.309,-15.4,-149.4,55.9,10.3,395
2006,Devil Rays,89,6041,190,689,650,134,7.30%,18.30%,0.165,0.285,0.255,0.314,0.42,0.316,1.9,-84.4,-19,10.3,396
2012,Pirates,91,6014,170,651,620,73,7.40%,22.50%,0.152,0.291,0.243,0.304,0.395,0.304,-0.3,-67.8,-17,10.2,397
2019,Rockies,86,6288,224,835,803,71,7.80%,23.90%,0.19,0.321,0.265,0.326,0.456,0.328,1.6,-116.3,16.8,10.1,398
2017,Rangers,90,6122,237,799,756,113,8.90%,24.40%,0.186,0.291,0.244,0.32,0.43,0.321,6.3,-70.2,-37.6,10.1,399
2017,Pirates,85,6136,151,668,635,67,8.50%,19.80%,0.142,0.286,0.244,0.318,0.386,0.304,-2.2,-120,19.3,10,400
2007,Diamondbacks,82,6101,171,712,687,109,8.70%,18.20%,0.163,0.282,0.25,0.321,0.413,0.32,8.8,-132.9,34.1,10,401
2019,Giants,83,6170,167,678,655,47,7.70%,23.30%,0.153,0.29,0.239,0.302,0.392,0.295,-3.4,-143,46.1,10,402
2013,Mariners,95,6172,188,624,597,49,8.60%,21.90%,0.152,0.279,0.237,0.306,0.39,0.307,-6.9,-41.1,-66.7,10,403
2018,Marlins,83,6083,128,589,554,45,7.50%,22.80%,0.119,0.293,0.237,0.303,0.357,0.289,-15.8,-144.4,49.3,9.9,404
2015,Braves,84,6034,100,573,548,69,7.80%,18.30%,0.108,0.297,0.251,0.314,0.359,0.296,-2.7,-115.5,22.4,9.9,405
2010,Royals,98,6209,121,676,640,115,7.60%,14.60%,0.126,0.305,0.274,0.331,0.399,0.323,-28.4,-42.1,-81.2,9.9,406
2016,Braves,86,6192,122,649,615,75,8.10%,20.00%,0.13,0.305,0.255,0.321,0.384,0.304,-6.1,-110.8,13.7,9.8,407
2015,Rockies,87,6071,186,737,702,97,6.40%,21.10%,0.167,0.313,0.265,0.315,0.432,0.321,4.7,-91.9,-4.2,9.7,408
2010,Orioles,87,6109,133,613,577,76,6.90%,17.30%,0.127,0.296,0.259,0.316,0.386,0.31,-21,-111.8,-11,9.6,409
2008,Diamondbacks,88,6156,159,720,683,58,9.50%,20.90%,0.164,0.299,0.251,0.327,0.415,0.324,12.1,-83.9,-17.2,9.5,410
2016,Phillies,81,5992,161,610,575,96,7.10%,23.00%,0.144,0.292,0.24,0.301,0.385,0.296,0.9,-137.5,43.2,9.4,411
2019,Royals,84,6080,162,691,655,117,7.50%,23.10%,0.154,0.301,0.247,0.309,0.401,0.302,-1.7,-124.2,5.4,9.3,412
2011,Indians,99,6142,154,704,671,89,8.00%,20.70%,0.146,0.297,0.25,0.317,0.396,0.314,0.4,-8.5,-107.2,9.3,413
2019,Rangers,88,6204,223,810,765,131,8.60%,25.40%,0.183,0.304,0.248,0.319,0.431,0.317,12,-86.8,-37.5,9.2,414
2012,Mariners,87,6057,149,619,584,104,7.70%,20.80%,0.135,0.276,0.234,0.296,0.369,0.291,0.1,-89.6,-30.3,8.9,415
2013,Phillies,89,6014,140,610,578,73,6.90%,20.00%,0.135,0.293,0.248,0.306,0.384,0.303,-7.4,-81.9,-15.8,8.9,416
2018,White Sox,92,6071,182,656,639,98,7.00%,26.30%,0.16,0.304,0.241,0.302,0.401,0.304,-7.2,-61.9,-52.9,8.8,417
2015,Phillies,86,6053,130,626,586,88,6.40%,21.00%,0.133,0.299,0.249,0.303,0.382,0.298,-1.9,-100.3,-3.9,8.8,418
2015,White Sox,89,6070,136,622,595,68,6.70%,20.30%,0.13,0.296,0.25,0.306,0.38,0.3,-15.2,-94.3,-21.6,8.8,419
2009,White Sox,91,6132,184,724,695,113,8.70%,16.70%,0.153,0.285,0.258,0.329,0.411,0.326,-13,-84,-45.1,8.6,420
2008,Nationals,84,6192,117,641,608,81,8.60%,17.70%,0.122,0.292,0.251,0.323,0.373,0.31,-16.8,-145.4,32.7,8.5,421
2012,Indians,97,6195,136,667,635,110,9.00%,17.50%,0.131,0.288,0.251,0.324,0.381,0.31,-13.6,-37.7,-93.2,8.2,422
2008,Rockies,88,6312,160,747,714,141,9.00%,19.20%,0.152,0.308,0.263,0.336,0.415,0.33,15.2,-80.7,-40.3,8.1,423
2018,Padres,84,6059,162,617,583,95,7.80%,25.10%,0.145,0.294,0.235,0.297,0.38,0.294,-5.7,-122.8,10,8,424
2006,Pirates,86,6218,141,691,656,68,7.40%,19.30%,0.134,0.31,0.263,0.327,0.397,0.315,-2.2,-115,-13,7.7,425
2008,Mariners,90,6176,124,671,631,90,6.80%,14.40%,0.124,0.294,0.265,0.318,0.389,0.31,-8.9,-86.1,-52.4,7.6,426
2011,Athletics,89,6104,114,645,612,117,8.30%,17.90%,0.125,0.283,0.244,0.311,0.369,0.301,-6.5,-82.2,-49.5,7.5,427
2008,Royals,87,6118,120,691,650,79,6.40%,16.40%,0.128,0.307,0.269,0.32,0.397,0.315,-9.5,-109.1,-29.6,7.4,428
2017,Padres,82,5954,189,604,576,89,7.70%,25.20%,0.16,0.287,0.234,0.299,0.393,0.298,6.7,-132.7,7.4,7,429
2018,Giants,83,6113,133,603,573,77,7.30%,24.00%,0.129,0.299,0.239,0.3,0.368,0.29,-2.9,-132.5,7.9,7,430
2018,Tigers,83,6029,135,630,597,70,7.10%,22.20%,0.138,0.293,0.241,0.3,0.38,0.295,6.4,-113.4,-20.5,6.7,431
2011,Pirates,87,6064,107,610,580,108,8.10%,21.60%,0.123,0.301,0.244,0.309,0.368,0.299,-15.2,-103.1,-17.8,6.7,432
2019,Orioles,88,6189,213,729,698,84,7.50%,23.20%,0.168,0.293,0.246,0.31,0.415,0.308,2,-89.6,-63.8,6.4,433
2008,Pirates,89,6278,153,735,705,57,7.60%,16.50%,0.145,0.29,0.258,0.32,0.403,0.317,0.1,-89.2,-48.6,6.3,434
2012,Astros,82,6014,146,583,545,105,7.70%,22.70%,0.135,0.288,0.236,0.302,0.371,0.296,-16.9,-144.4,17.7,5.8,435
2013,White Sox,85,6077,148,598,574,105,6.80%,19.90%,0.129,0.291,0.249,0.302,0.378,0.299,-12.7,-117.5,-29,5.5,436
2010,Astros,79,6005,108,611,577,100,6.90%,17.10%,0.115,0.285,0.247,0.303,0.362,0.295,-6.4,-156.6,27.6,5.4,437
2011,Twins,82,6020,103,619,572,92,7.30%,17.40%,0.113,0.288,0.247,0.306,0.36,0.296,-6.5,-133.4,-25.8,4.3,438
2011,Mariners,80,5972,109,556,534,125,7.30%,21.40%,0.115,0.283,0.233,0.292,0.348,0.283,11.9,-124.4,-36.6,3.9,439
2013,Marlins,74,6021,95,513,485,78,7.20%,20.50%,0.104,0.28,0.231,0.293,0.335,0.279,-5.2,-178.9,29.5,3.3,440
2016,Athletics,89,6022,169,653,634,50,7.30%,19.00%,0.149,0.28,0.246,0.304,0.395,0.302,-22.2,-100.5,-77.5,3,441
2007,White Sox,86,6103,190,693,667,78,8.70%,18.80%,0.158,0.278,0.246,0.318,0.404,0.316,-15.7,-125.7,-55.7,2.9,442
2005,Royals,87,6086,126,701,653,53,7.00%,16.60%,0.134,0.298,0.263,0.32,0.396,0.313,6.3,-91.5,-87.3,2.7,443
2019,Marlins,79,6045,146,615,593,55,6.50%,24.30%,0.134,0.3,0.241,0.298,0.375,0.288,-23.9,-195.1,26.3,2.6,444
2010,Mariners,79,5989,101,513,485,142,7.70%,19.80%,0.104,0.282,0.236,0.298,0.339,0.285,-1,-148.8,-40.5,2.2,445
2009,Royals,88,6103,144,686,657,88,7.50%,17.90%,0.146,0.298,0.259,0.318,0.405,0.318,-18.9,-110.3,-82,2.2,446
2013,Astros,85,6020,148,610,566,110,7.10%,25.50%,0.136,0.304,0.24,0.299,0.375,0.298,-8.9,-112.7,-64.4,1.9,447
2010,Pirates,84,5974,126,587,570,87,7.80%,20.20%,0.131,0.288,0.242,0.304,0.373,0.3,-5.8,-119,-48.1,1.4,448
2018,Orioles,85,6034,188,622,593,81,7.00%,23.40%,0.152,0.286,0.239,0.298,0.391,0.299,-9.6,-116.1,-75.1,0.8,449
2019,Tigers,77,6039,149,582,556,57,6.50%,26.40%,0.148,0.308,0.24,0.294,0.388,0.29,-6.8,-186.3,-53.8,-2.6,450
